datetime,filename,downloads
2014-10-10 03:14:15,geekcookies_ep_0,0
2014-10-09 03:14:15,geekcookies_ep_0_new,0
2014-10-14 03:14:15,geekcookies_ep_1,0
2014-10-27 13:54:03,geekcookies_ep_0,110
2014-10-27 13:54:03,geekcookies_ep_0_new,63
2014-10-27 13:54:03,geekcookies_ep_1,106
2014-11-27 13:55:04,geekcookies_ep_0,110
2014-11-27 13:55:04,geekcookies_ep_0_new,63
2014-11-27 13:55:04,geekcookies_ep_1,106
2014-11-28 00:00:10,geekcookies_ep_0,110
2014-11-28 00:00:10,geekcookies_ep_0_new,65
2014-11-28 00:00:10,geekcookies_ep_1,106
2014-11-29 00:00:13,geekcookies_ep_0,110
2014-11-29 00:00:13,geekcookies_ep_0_new,69
2014-11-29 00:00:13,geekcookies_ep_1,110
2014-11-30 00:00:11,geekcookies_ep_0,110
2014-11-30 00:00:11,geekcookies_ep_0_new,73
2014-11-30 00:00:11,geekcookies_ep_1,113
2014-12-01 00:00:12,geekcookies_ep_0,110
2014-12-01 00:00:12,geekcookies_ep_0_new,73
2014-12-01 00:00:12,geekcookies_ep_1,113
2014-12-02 00:00:20,geekcookies_ep_0,110
2014-12-02 00:00:20,geekcookies_ep_0_new,76
2014-12-02 00:00:20,geekcookies_ep_1,116
2014-12-03 00:00:12,geekcookies_ep_0,110
2014-12-03 00:00:12,geekcookies_ep_0_new,78
2014-12-03 00:00:12,geekcookies_ep_1,119
2014-12-04 00:00:12,geekcookies_ep_0,110
2014-12-04 00:00:12,geekcookies_ep_0_new,80
2014-12-04 00:00:12,geekcookies_ep_1,122
2014-12-05 00:00:09,geekcookies_ep_0,110
2014-12-05 00:00:09,geekcookies_ep_0_new,80
2014-12-05 00:00:09,geekcookies_ep_1,123
2014-12-06 00:00:15,geekcookies_ep_0,110
2014-12-06 00:00:15,geekcookies_ep_0_new,80
2014-12-06 00:00:15,geekcookies_ep_1,123
2014-12-07 00:00:26,geekcookies_ep_0,110
2014-12-07 00:00:26,geekcookies_ep_0_new,80
2014-12-07 00:00:26,geekcookies_ep_1,124
2014-12-08 00:00:11,geekcookies_ep_0,110
2014-12-08 00:00:11,geekcookies_ep_0_new,80
2014-12-08 00:00:11,geekcookies_ep_1,124
2014-12-09 00:00:12,geekcookies_ep_0,110
2014-12-09 00:00:12,geekcookies_ep_0_new,80
2014-12-09 00:00:12,geekcookies_ep_1,124
2014-12-10 00:00:13,geekcookies_ep_0,110
2014-12-10 00:00:13,geekcookies_ep_0_new,80
2014-12-10 00:00:13,geekcookies_ep_1,124
2014-12-11 00:00:20,geekcookies_ep_0,110
2014-12-11 00:00:20,geekcookies_ep_0_new,80
2014-12-11 00:00:20,geekcookies_ep_1,130
2014-12-12 00:00:20,geekcookies_ep_2,0
2014-12-13 00:00:20,geekcookies_ep_0,110
2014-12-13 00:00:20,geekcookies_ep_0_new,89
2014-12-13 00:00:20,geekcookies_ep_1,141
2014-12-13 00:00:20,geekcookies_ep_2,22
2014-12-14 00:00:21,geekcookies_ep_0,110
2014-12-14 00:00:21,geekcookies_ep_0_new,102
2014-12-14 00:00:21,geekcookies_ep_2,22
2014-12-14 00:00:21,geekcookies_ep_1,152
2014-12-15 00:00:14,geekcookies_ep_0,110
2014-12-15 00:00:14,geekcookies_ep_0_new,107
2014-12-15 00:00:14,geekcookies_ep_2,37
2014-12-15 00:00:14,geekcookies_ep_1,159
2014-12-16 00:00:13,geekcookies_ep_0_new,110
2014-12-16 00:00:13,geekcookies_ep_0,110
2014-12-16 00:00:13,geekcookies_ep_1,162
2014-12-16 00:00:13,geekcookies_ep_2,44
2014-12-17 00:00:10,geekcookies_ep_0,110
2014-12-17 00:00:10,geekcookies_ep_0_new,113
2014-12-17 00:00:10,geekcookies_ep_1,164
2014-12-17 00:00:10,geekcookies_ep_2,48
2014-12-18 00:00:15,geekcookies_ep_0,110
2014-12-18 00:00:15,geekcookies_ep_0_new,113
2014-12-18 00:00:15,geekcookies_ep_2,50
2014-12-18 00:00:15,geekcookies_ep_1,164
2014-12-19 00:00:13,geekcookies_ep_0,110
2014-12-19 00:00:13,geekcookies_ep_0_new,115
2014-12-19 00:00:13,geekcookies_ep_1,164
2014-12-19 00:00:13,geekcookies_ep_2,52
2014-12-20 00:00:10,geekcookies_ep_0,110
2014-12-20 00:00:10,geekcookies_ep_0_new,115
2014-12-20 00:00:10,geekcookies_ep_2,52
2014-12-20 00:00:10,geekcookies_ep_1,166
2014-12-21 00:00:14,geekcookies_ep_0_new,117
2014-12-21 00:00:14,geekcookies_ep_0,110
2014-12-21 00:00:14,geekcookies_ep_1,166
2014-12-21 00:00:14,geekcookies_ep_2,55
2014-12-22 00:00:19,geekcookies_ep_0_new,117
2014-12-22 00:00:19,geekcookies_ep_0,110
2014-12-22 00:00:19,geekcookies_ep_2,58
2014-12-22 00:00:19,geekcookies_ep_1,168
2014-12-23 00:00:16,geekcookies_ep_0,110
2014-12-23 00:00:16,geekcookies_ep_0_new,118
2014-12-23 00:00:16,geekcookies_ep_2,58
2014-12-23 00:00:16,geekcookies_ep_1,168
2014-12-24 00:00:28,geekcookies_ep_0,110
2014-12-24 00:00:28,geekcookies_ep_0_new,118
2014-12-24 00:00:28,geekcookies_ep_1,168
2014-12-24 00:00:28,geekcookies_ep_2,58
2014-12-25 00:00:11,geekcookies_ep_0_new,118
2014-12-25 00:00:11,geekcookies_ep_0,110
2014-12-25 00:00:11,geekcookies_ep_1,168
2014-12-25 00:00:11,geekcookies_ep_2,58
2014-12-26 00:00:10,geekcookies_ep_0,110
2014-12-26 00:00:10,geekcookies_ep_0_new,118
2014-12-26 00:00:10,geekcookies_ep_2,58
2014-12-26 00:00:10,geekcookies_ep_1,168
2014-12-27 00:00:16,geekcookies_ep_0,110
2014-12-27 00:00:16,geekcookies_ep_0_new,118
2014-12-27 00:00:16,geekcookies_ep_1,168
2014-12-27 00:00:16,geekcookies_ep_2,59
2014-12-28 00:00:21,geekcookies_ep_0,110
2014-12-28 00:00:21,geekcookies_ep_0_new,118
2014-12-28 00:00:21,geekcookies_ep_2,61
2014-12-28 00:00:21,geekcookies_ep_1,168
2014-12-29 00:00:10,geekcookies_ep_0,110
2014-12-29 00:00:10,geekcookies_ep_0_new,118
2014-12-29 00:00:10,geekcookies_ep_1,168
2014-12-29 00:00:10,geekcookies_ep_2,63
2014-12-30 00:00:14,geekcookies_ep_0,110
2014-12-30 00:00:14,geekcookies_ep_0_new,118
2014-12-30 00:00:14,geekcookies_ep_2,63
2014-12-30 00:00:14,geekcookies_ep_1,169
2014-12-31 00:00:23,geekcookies_ep_0,110
2014-12-31 00:00:23,geekcookies_ep_0_new,119
2014-12-31 00:00:23,geekcookies_ep_2,63
2014-12-31 00:00:23,geekcookies_ep_1,169
2015-01-01 00:00:14,geekcookies_ep_0,110
2015-01-01 00:00:14,geekcookies_ep_0_new,121
2015-01-01 00:00:14,geekcookies_ep_1,171
2015-01-01 00:00:14,geekcookies_ep_2,68
2015-01-02 00:00:14,geekcookies_ep_0,110
2015-01-02 00:00:14,geekcookies_ep_0_new,121
2015-01-02 00:00:14,geekcookies_ep_2,68
2015-01-02 00:00:14,geekcookies_ep_1,171
2015-01-03 00:00:14,geekcookies_ep_0,110
2015-01-03 00:00:14,geekcookies_ep_0_new,121
2015-01-03 00:00:14,geekcookies_ep_1,171
2015-01-03 00:00:14,geekcookies_ep_2,70
2015-01-04 00:00:13,geekcookies_ep_0,110
2015-01-04 00:00:13,geekcookies_ep_0_new,121
2015-01-04 00:00:13,geekcookies_ep_1,171
2015-01-04 00:00:13,geekcookies_ep_2,72
2015-01-05 00:00:10,geekcookies_ep_0,110
2015-01-05 00:00:10,geekcookies_ep_0_new,121
2015-01-05 00:00:10,geekcookies_ep_2,72
2015-01-05 00:00:10,geekcookies_ep_1,171
2015-01-06 00:00:15,geekcookies_ep_0,110
2015-01-06 00:00:15,geekcookies_ep_0_new,121
2015-01-06 00:00:15,geekcookies_ep_2,72
2015-01-06 00:00:15,geekcookies_ep_1,171
2015-01-07 00:00:17,geekcookies_ep_0,110
2015-01-07 00:00:17,geekcookies_ep_0_new,123
2015-01-07 00:00:17,geekcookies_ep_2,75
2015-01-07 00:00:17,geekcookies_ep_1,173
2015-01-08 00:00:21,geekcookies_ep_0,110
2015-01-08 00:00:21,geekcookies_ep_0_new,123
2015-01-08 00:00:21,geekcookies_ep_2,75
2015-01-08 00:00:21,geekcookies_ep_1,173
2015-01-09 00:00:18,geekcookies_ep_0,110
2015-01-09 00:00:18,geekcookies_ep_0_new,123
2015-01-09 00:00:18,geekcookies_ep_2,76
2015-01-09 00:00:18,geekcookies_ep_1,173
2015-01-10 00:00:14,geekcookies_ep_0,110
2015-01-10 00:00:14,geekcookies_ep_0_new,126
2015-01-10 00:00:14,geekcookies_ep_1,176
2015-01-10 00:00:14,geekcookies_ep_2,79
2015-01-11 00:00:21,geekcookies_ep_0,110
2015-01-11 00:00:21,geekcookies_ep_0_new,127
2015-01-11 00:00:21,geekcookies_ep_1,176
2015-01-11 00:00:21,geekcookies_ep_2,82
2015-01-12 00:00:10,geekcookies_ep_0,110
2015-01-12 00:00:10,geekcookies_ep_0_new,127
2015-01-12 00:00:10,geekcookies_ep_2,82
2015-01-12 00:00:10,geekcookies_ep_1,177
2015-01-13 00:00:16,geekcookies_ep_0,110
2015-01-13 00:00:16,geekcookies_ep_0_new,127
2015-01-13 00:00:16,geekcookies_ep_2,83
2015-01-13 00:00:16,geekcookies_ep_1,177
2015-01-14 00:00:15,geekcookies_ep_0,110
2015-01-14 00:00:15,geekcookies_ep_0_new,127
2015-01-14 00:00:15,geekcookies_ep_2,83
2015-01-14 00:00:15,geekcookies_ep_1,177
2015-01-15 00:00:18,geekcookies_ep_0,110
2015-01-15 00:00:18,geekcookies_ep_0_new,130
2015-01-15 00:00:18,geekcookies_ep_2,88
2015-01-15 00:00:18,geekcookies_ep_1,180
2015-01-16 00:00:20,geekcookies_ep_0,110
2015-01-16 00:00:20,geekcookies_ep_0_new,132
2015-01-16 00:00:20,geekcookies_ep_1,182
2015-01-16 00:00:20,geekcookies_ep_2,90
2015-01-17 00:00:16,geekcookies_ep_0,110
2015-01-17 00:00:16,geekcookies_ep_0_new,132
2015-01-17 00:00:16,geekcookies_ep_2,90
2015-01-17 00:00:16,geekcookies_ep_1,182
2015-01-18 00:00:21,geekcookies_ep_0,110
2015-01-18 00:00:21,geekcookies_ep_0_new,132
2015-01-18 00:00:21,geekcookies_ep_2,91
2015-01-18 00:00:21,geekcookies_ep_1,182
2015-01-19 00:00:15,geekcookies_ep_0,110
2015-01-19 00:00:15,geekcookies_ep_0_new,134
2015-01-19 00:00:15,geekcookies_ep_2,92
2015-01-19 00:00:15,geekcookies_ep_1,184
2015-01-20 00:00:13,geekcookies_ep_0,110
2015-01-20 00:00:13,geekcookies_ep_0_new,140
2015-01-20 00:00:13,geekcookies_ep_1,190
2015-01-20 00:00:13,geekcookies_ep_3,0
2015-01-20 00:00:13,geekcookies_ep_2,100
2015-01-21 00:00:14,geekcookies_ep_0,110
2015-01-21 00:00:14,geekcookies_ep_0_new,144
2015-01-21 00:00:14,geekcookies_ep_1,194
2015-01-21 00:00:14,geekcookies_ep_2,107
2015-01-21 00:00:14,geekcookies_ep_3,10
2015-01-22 00:00:20,geekcookies_ep_0,110
2015-01-22 00:00:20,geekcookies_ep_0_new,144
2015-01-22 00:00:20,geekcookies_ep_1,194
2015-01-22 00:00:20,geekcookies_ep_2,107
2015-01-22 00:00:20,geekcookies_ep_3,32
2015-01-23 00:00:17,geekcookies_ep_0,110
2015-01-23 00:00:17,geekcookies_ep_0_new,155
2015-01-23 00:00:17,geekcookies_ep_3,47
2015-01-23 00:00:17,geekcookies_ep_2,116
2015-01-23 00:00:17,geekcookies_ep_1,205
2015-01-24 00:00:30,geekcookies_ep_0,110
2015-01-24 00:00:30,geekcookies_ep_0_new,169
2015-01-24 00:00:30,geekcookies_ep_3,65
2015-01-24 00:00:30,geekcookies_ep_2,130
2015-01-24 00:00:30,geekcookies_ep_1,219
2015-01-25 00:00:20,geekcookies_ep_0,110
2015-01-25 00:00:20,geekcookies_ep_0_new,169
2015-01-25 00:00:20,geekcookies_ep_3,73
2015-01-25 00:00:20,geekcookies_ep_2,130
2015-01-25 00:00:20,geekcookies_ep_1,219
2015-01-26 00:00:13,geekcookies_ep_0,111
2015-01-26 00:00:13,geekcookies_ep_0_new,169
2015-01-26 00:00:13,geekcookies_ep_1,219
2015-01-26 00:00:13,geekcookies_ep_3,76
2015-01-26 00:00:13,geekcookies_ep_2,132
2015-01-27 00:00:09,geekcookies_ep_0,111
2015-01-27 00:00:09,geekcookies_ep_0_new,171
2015-01-27 00:00:09,geekcookies_ep_2,132
2015-01-27 00:00:09,geekcookies_ep_1,221
2015-01-27 00:00:09,geekcookies_ep_3,79
2015-01-28 00:00:20,geekcookies_ep_0,111
2015-01-28 00:00:20,geekcookies_ep_0_new,171
2015-01-28 00:00:20,geekcookies_ep_1,221
2015-01-28 00:00:20,geekcookies_ep_3,79
2015-01-28 00:00:20,geekcookies_ep_2,134
2015-01-29 00:00:24,geekcookies_ep_0,111
2015-01-29 00:00:24,geekcookies_ep_0_new,173
2015-01-29 00:00:24,geekcookies_ep_2,134
2015-01-29 00:00:24,geekcookies_ep_3,84
2015-01-29 00:00:24,geekcookies_ep_1,222
2015-01-30 00:00:13,geekcookies_ep_0,111
2015-01-30 00:00:13,geekcookies_ep_0_new,173
2015-01-30 00:00:13,geekcookies_ep_3,84
2015-01-30 00:00:13,geekcookies_ep_2,136
2015-01-30 00:00:13,geekcookies_ep_1,224
2015-01-31 00:00:18,geekcookies_ep_0,111
2015-01-31 00:00:18,geekcookies_ep_0_new,174
2015-01-31 00:00:18,geekcookies_ep_2,136
2015-01-31 00:00:18,geekcookies_ep_1,224
2015-01-31 00:00:18,geekcookies_ep_3,86
2015-02-01 00:00:12,geekcookies_ep_0,111
2015-02-01 00:00:12,geekcookies_ep_0_new,174
2015-02-01 00:00:12,geekcookies_ep_2,136
2015-02-01 00:00:12,geekcookies_ep_1,224
2015-02-01 00:00:12,geekcookies_ep_3,86
2015-02-02 00:00:16,geekcookies_ep_0,111
2015-02-02 00:00:16,geekcookies_ep_0_new,175
2015-02-02 00:00:16,geekcookies_ep_2,138
2015-02-02 00:00:16,geekcookies_ep_1,225
2015-02-02 00:00:16,geekcookies_ep_3,90
2015-02-03 00:00:11,geekcookies_ep_0,111
2015-02-03 00:00:11,geekcookies_ep_0_new,175
2015-02-03 00:00:11,geekcookies_ep_2,138
2015-02-03 00:00:11,geekcookies_ep_1,225
2015-02-03 00:00:11,geekcookies_ep_3,90
2015-02-04 00:00:14,geekcookies_ep_0,111
2015-02-04 00:00:14,geekcookies_ep_0_new,181
2015-02-04 00:00:14,geekcookies_ep_2,145
2015-02-04 00:00:14,geekcookies_ep_3,99
2015-02-04 00:00:14,geekcookies_ep_1,231
2015-02-05 00:00:12,geekcookies_ep_0,111
2015-02-05 00:00:12,geekcookies_ep_0_new,186
2015-02-05 00:00:12,geekcookies_ep_1,238
2015-02-05 00:00:12,geekcookies_ep_2,152
2015-02-05 00:00:12,geekcookies_ep_3,105
2015-02-06 00:00:14,geekcookies_ep_0,111
2015-02-06 00:00:14,geekcookies_ep_0_new,191
2015-02-06 00:00:14,geekcookies_ep_1,243
2015-02-06 00:00:14,geekcookies_ep_3,112
2015-02-06 00:00:14,geekcookies_ep_2,158
2015-02-07 00:00:11,geekcookies_ep_0,111
2015-02-07 00:00:11,geekcookies_ep_0_new,198
2015-02-07 00:00:11,geekcookies_ep_2,165
2015-02-07 00:00:11,geekcookies_ep_3,122
2015-02-07 00:00:11,geekcookies_ep_1,250
2015-02-08 00:00:13,geekcookies_ep_0,111
2015-02-08 00:00:13,geekcookies_ep_0_new,201
2015-02-08 00:00:13,geekcookies_ep_3,126
2015-02-08 00:00:13,geekcookies_ep_2,167
2015-02-08 00:00:13,geekcookies_ep_1,252
2015-02-09 00:00:12,geekcookies_ep_0,111
2015-02-09 00:00:12,geekcookies_ep_0_new,206
2015-02-09 00:00:12,geekcookies_ep_1,257
2015-02-09 00:00:12,geekcookies_ep_2,173
2015-02-09 00:00:12,geekcookies_ep_3,133
2015-02-10 00:00:17,geekcookies_ep_0,111
2015-02-10 00:00:17,geekcookies_ep_0_new,208
2015-02-10 00:00:17,geekcookies_ep_3,139
2015-02-10 00:00:17,geekcookies_ep_2,176
2015-02-10 00:00:17,geekcookies_ep_1,259
2015-02-10 00:00:17,geekcookies_ep_4,0
2015-02-11 00:00:16,geekcookies_ep_0,111
2015-02-11 00:00:16,geekcookies_ep_0_new,216
2015-02-11 00:00:16,geekcookies_ep_4,30
2015-02-11 00:00:16,geekcookies_ep_2,181
2015-02-11 00:00:16,geekcookies_ep_3,143
2015-02-11 00:00:16,geekcookies_ep_1,264
2015-02-12 00:00:14,geekcookies_ep_0,111
2015-02-12 00:00:14,geekcookies_ep_0_new,220
2015-02-12 00:00:14,geekcookies_ep_3,151
2015-02-12 00:00:14,geekcookies_ep_2,184
2015-02-12 00:00:14,geekcookies_ep_1,268
2015-02-12 00:00:14,geekcookies_ep_4,68
2015-02-13 00:00:14,geekcookies_ep_0,111
2015-02-13 00:00:14,geekcookies_ep_0_new,220
2015-02-13 00:00:14,geekcookies_ep_2,184
2015-02-13 00:00:14,geekcookies_ep_3,152
2015-02-13 00:00:14,geekcookies_ep_4,68
2015-02-13 00:00:14,geekcookies_ep_1,268
2015-02-14 00:00:11,geekcookies_ep_0,111
2015-02-14 00:00:11,geekcookies_ep_0_new,220
2015-02-14 00:00:11,geekcookies_ep_2,184
2015-02-14 00:00:11,geekcookies_ep_1,268
2015-02-14 00:00:11,geekcookies_ep_3,166
2015-02-14 00:00:11,geekcookies_ep_4,79
2015-02-15 00:00:13,geekcookies_ep_0,111
2015-02-15 00:00:13,geekcookies_ep_0_new,224
2015-02-15 00:00:13,geekcookies_ep_2,185
2015-02-15 00:00:13,geekcookies_ep_4,90
2015-02-15 00:00:13,geekcookies_ep_3,169
2015-02-15 00:00:13,geekcookies_ep_1,271
2015-02-16 00:00:16,geekcookies_ep_0,111
2015-02-16 00:00:16,geekcookies_ep_0_new,224
2015-02-16 00:00:16,geekcookies_ep_3,169
2015-02-16 00:00:16,geekcookies_ep_1,271
2015-02-16 00:00:16,geekcookies_ep_2,186
2015-02-16 00:00:16,geekcookies_ep_4,95
2015-02-17 00:00:15,geekcookies_ep_0,111
2015-02-17 00:00:15,geekcookies_ep_0_new,227
2015-02-17 00:00:15,geekcookies_ep_3,172
2015-02-17 00:00:15,geekcookies_ep_4,102
2015-02-17 00:00:15,geekcookies_ep_2,186
2015-02-17 00:00:15,geekcookies_ep_1,273
2015-02-18 00:00:18,geekcookies_ep_0,111
2015-02-18 00:00:18,geekcookies_ep_0_new,227
2015-02-18 00:00:18,geekcookies_ep_2,192
2015-02-18 00:00:18,geekcookies_ep_3,176
2015-02-18 00:00:18,geekcookies_ep_4,108
2015-02-18 00:00:18,geekcookies_ep_1,279
2015-02-19 00:00:13,geekcookies_ep_0,111
2015-02-19 00:00:13,geekcookies_ep_0_new,229
2015-02-19 00:00:13,geekcookies_ep_1,286
2015-02-19 00:00:13,geekcookies_ep_4,116
2015-02-19 00:00:13,geekcookies_ep_2,205
2015-02-19 00:00:13,geekcookies_ep_3,176
2015-02-20 00:00:09,geekcookies_ep_0,111
2015-02-20 00:00:09,geekcookies_ep_0_new,231
2015-02-20 00:00:09,geekcookies_ep_1,287
2015-02-20 00:00:09,geekcookies_ep_4,125
2015-02-20 00:00:09,geekcookies_ep_3,181
2015-02-20 00:00:09,geekcookies_ep_2,206
2015-02-21 00:00:30,geekcookies_ep_0,111
2015-02-21 00:00:30,geekcookies_ep_0_new,231
2015-02-21 00:00:30,geekcookies_ep_1,287
2015-02-21 00:00:30,geekcookies_ep_2,206
2015-02-21 00:00:30,geekcookies_ep_3,181
2015-02-21 00:00:30,geekcookies_ep_4,129
2015-02-22 00:00:22,geekcookies_ep_0,111
2015-02-22 00:00:22,geekcookies_ep_0_new,231
2015-02-22 00:00:22,geekcookies_ep_4,133
2015-02-22 00:00:22,geekcookies_ep_3,186
2015-02-22 00:00:22,geekcookies_ep_2,206
2015-02-22 00:00:22,geekcookies_ep_1,288
2015-02-23 00:00:17,geekcookies_ep_0,111
2015-02-23 00:00:17,geekcookies_ep_0_new,233
2015-02-23 00:00:17,geekcookies_ep_2,208
2015-02-23 00:00:17,geekcookies_ep_4,138
2015-02-23 00:00:17,geekcookies_ep_1,290
2015-02-23 00:00:17,geekcookies_ep_3,188
2015-02-24 00:00:17,geekcookies_ep_0,111
2015-02-24 00:00:17,geekcookies_ep_0_new,233
2015-02-24 00:00:17,geekcookies_ep_2,208
2015-02-24 00:00:17,geekcookies_ep_4,138
2015-02-24 00:00:17,geekcookies_ep_1,290
2015-02-24 00:00:17,geekcookies_ep_3,188
2015-02-25 00:00:17,geekcookies_ep_0_new,233
2015-02-25 00:00:17,geekcookies_ep_0,112
2015-02-25 00:00:17,geekcookies_ep_2,212
2015-02-25 00:00:17,geekcookies_ep_4,141
2015-02-25 00:00:17,geekcookies_ep_1,297
2015-02-25 00:00:17,geekcookies_ep_3,192
2015-02-26 00:00:10,geekcookies_ep_0,113
2015-02-26 00:00:10,geekcookies_ep_0_new,236
2015-02-26 00:00:10,geekcookies_ep_2,212
2015-02-26 00:00:10,geekcookies_ep_1,297
2015-02-26 00:00:10,geekcookies_ep_4,143
2015-02-26 00:00:10,geekcookies_ep_3,202
2015-02-27 00:00:24,geekcookies_ep_0,113
2015-02-27 00:00:24,geekcookies_ep_0_new,237
2015-02-27 00:00:24,geekcookies_ep_4,143
2015-02-27 00:00:24,geekcookies_ep_3,202
2015-02-27 00:00:24,geekcookies_ep_1,298
2015-02-27 00:00:24,geekcookies_ep_2,216
2015-02-28 00:00:15,geekcookies_ep_0_new,237
2015-02-28 00:00:15,geekcookies_ep_0,114
2015-02-28 00:00:15,geekcookies_ep_3,203
2015-02-28 00:00:15,geekcookies_ep_2,216
2015-02-28 00:00:15,geekcookies_ep_4,148
2015-02-28 00:00:15,geekcookies_ep_1,302
2015-03-01 00:00:17,geekcookies_ep_0_new,238
2015-03-01 00:00:17,geekcookies_ep_0,114
2015-03-01 00:00:17,geekcookies_ep_3,203
2015-03-01 00:00:17,geekcookies_ep_2,217
2015-03-01 00:00:17,geekcookies_ep_1,302
2015-03-01 00:00:17,geekcookies_ep_4,151
2015-03-02 00:00:18,geekcookies_ep_0,114
2015-03-02 00:00:18,geekcookies_ep_0_new,240
2015-03-02 00:00:18,geekcookies_ep_4,151
2015-03-02 00:00:18,geekcookies_ep_3,205
2015-03-02 00:00:18,geekcookies_ep_1,303
2015-03-02 00:00:18,geekcookies_ep_2,219
2015-03-03 00:00:16,geekcookies_ep_0,114
2015-03-03 00:00:16,geekcookies_ep_0_new,241
2015-03-03 00:00:16,geekcookies_ep_1,305
2015-03-03 00:00:16,geekcookies_ep_3,209
2015-03-03 00:00:16,geekcookies_ep_4,157
2015-03-03 00:00:16,geekcookies_ep_2,223
2015-03-04 00:00:22,geekcookies_ep_0,114
2015-03-04 00:00:22,geekcookies_ep_0_new,241
2015-03-04 00:00:22,geekcookies_ep_1,305
2015-03-04 00:00:22,geekcookies_ep_3,209
2015-03-04 00:00:22,geekcookies_ep_2,225
2015-03-04 00:00:22,geekcookies_ep_4,159
2015-03-05 00:00:26,geekcookies_ep_0,114
2015-03-05 00:00:26,geekcookies_ep_0_new,242
2015-03-05 00:00:26,geekcookies_ep_4,161
2015-03-05 00:00:26,geekcookies_ep_3,210
2015-03-05 00:00:26,geekcookies_ep_1,308
2015-03-05 00:00:26,geekcookies_ep_2,225
2015-03-06 00:00:12,geekcookies_ep_0,114
2015-03-06 00:00:12,geekcookies_ep_0_new,242
2015-03-06 00:00:12,geekcookies_ep_4,161
2015-03-06 00:00:12,geekcookies_ep_2,226
2015-03-06 00:00:12,geekcookies_ep_1,308
2015-03-06 00:00:12,geekcookies_ep_3,211
2015-03-07 00:00:15,geekcookies_ep_0,114
2015-03-07 00:00:15,geekcookies_ep_0_new,243
2015-03-07 00:00:15,geekcookies_ep_1,308
2015-03-07 00:00:15,geekcookies_ep_2,226
2015-03-07 00:00:15,geekcookies_ep_4,163
2015-03-07 00:00:15,geekcookies_ep_3,211
2015-03-08 00:00:16,geekcookies_ep_0,114
2015-03-08 00:00:16,geekcookies_ep_0_new,243
2015-03-08 00:00:16,geekcookies_ep_2,226
2015-03-08 00:00:16,geekcookies_ep_1,309
2015-03-08 00:00:16,geekcookies_ep_3,212
2015-03-08 00:00:16,geekcookies_ep_4,166
2015-03-09 00:00:12,geekcookies_ep_0,114
2015-03-09 00:00:12,geekcookies_ep_0_new,243
2015-03-09 00:00:12,geekcookies_ep_1,309
2015-03-09 00:00:12,geekcookies_ep_4,166
2015-03-09 00:00:12,geekcookies_ep_3,212
2015-03-09 00:00:12,geekcookies_ep_2,228
2015-03-09 00:00:12,geekcookies_ep_5,0
2015-03-10 00:00:19,geekcookies_ep_0,114
2015-03-10 00:00:19,geekcookies_ep_0_new,245
2015-03-10 00:00:19,geekcookies_ep_5,23
2015-03-10 00:00:19,geekcookies_ep_2,228
2015-03-10 00:00:19,geekcookies_ep_3,213
2015-03-10 00:00:19,geekcookies_ep_1,309
2015-03-10 00:00:19,geekcookies_ep_4,169
2015-03-17 09:46:05,geekcookies_ep_0,115
2015-03-17 09:46:05,geekcookies_ep_0_new,247
2015-03-17 09:46:05,geekcookies_ep_3,218
2015-03-17 09:46:05,geekcookies_ep_4,183
2015-03-17 09:46:05,geekcookies_ep_1,311
2015-03-17 09:46:05,geekcookies_ep_5,128
2015-03-17 09:46:05,geekcookies_ep_2,231
2015-03-18 00:00:04,geekcookies_ep_0,115
2015-03-18 00:00:04,geekcookies_ep_0_new,247
2015-03-18 00:00:04,geekcookies_ep_4,183
2015-03-18 00:00:04,geekcookies_ep_1,311
2015-03-18 00:00:04,geekcookies_ep_2,231
2015-03-18 00:00:04,geekcookies_ep_3,219
2015-03-18 00:00:04,geekcookies_ep_5,131
2015-03-19 00:00:05,geekcookies_ep_0,115
2015-03-19 00:00:05,geekcookies_ep_0_new,247
2015-03-19 00:00:05,geekcookies_ep_2,231
2015-03-19 00:00:05,geekcookies_ep_3,219
2015-03-19 00:00:05,geekcookies_ep_5,131
2015-03-19 00:00:05,geekcookies_ep_4,184
2015-03-19 00:00:05,geekcookies_ep_1,312
2015-03-20 00:00:04,geekcookies_ep_0,115
2015-03-20 00:00:04,geekcookies_ep_0_new,247
2015-03-20 00:00:04,geekcookies_ep_3,219
2015-03-20 00:00:04,geekcookies_ep_4,184
2015-03-20 00:00:04,geekcookies_ep_5,133
2015-03-20 00:00:04,geekcookies_ep_1,312
2015-03-20 00:00:04,geekcookies_ep_2,231
2015-03-21 00:00:04,geekcookies_ep_0,115
2015-03-21 00:00:04,geekcookies_ep_0_new,247
2015-03-21 00:00:04,geekcookies_ep_5,133
2015-03-21 00:00:04,geekcookies_ep_1,312
2015-03-21 00:00:04,geekcookies_ep_2,231
2015-03-21 00:00:04,geekcookies_ep_4,185
2015-03-21 00:00:04,geekcookies_ep_3,219
2015-03-22 00:00:05,geekcookies_ep_0,115
2015-03-22 00:00:05,geekcookies_ep_0_new,247
2015-03-22 00:00:05,geekcookies_ep_5,133
2015-03-22 00:00:05,geekcookies_ep_1,312
2015-03-22 00:00:05,geekcookies_ep_4,185
2015-03-22 00:00:05,geekcookies_ep_3,219
2015-03-22 00:00:05,geekcookies_ep_2,231
2015-03-23 00:00:04,geekcookies_ep_0,115
2015-03-23 00:00:04,geekcookies_ep_0_new,247
2015-03-23 00:00:04,geekcookies_ep_1,312
2015-03-23 00:00:04,geekcookies_ep_4,185
2015-03-23 00:00:04,geekcookies_ep_5,138
2015-03-23 00:00:04,geekcookies_ep_3,219
2015-03-23 00:00:04,geekcookies_ep_2,231
2015-04-01 14:47:46,geekcookies_ep_0,115
2015-04-01 14:47:46,geekcookies_ep_0_new,249
2015-04-01 14:47:46,geekcookies_ep_1,315
2015-04-01 14:47:46,geekcookies_ep_4,191
2015-04-01 14:47:46,geekcookies_ep_2,233
2015-04-01 14:47:46,geekcookies_ep_3,226
2015-04-01 14:47:46,geekcookies_ep_5,162
2015-04-01 14:57:03,geekcookies_ep_0,115
2015-04-01 14:57:03,geekcookies_ep_0_new,249
2015-04-01 14:57:03,geekcookies_ep_1,315
2015-04-01 14:57:03,geekcookies_ep_4,191
2015-04-01 14:57:03,geekcookies_ep_2,233
2015-04-01 14:57:03,geekcookies_ep_3,226
2015-04-01 14:57:03,geekcookies_ep_5,162
2015-04-02 00:00:06,geekcookies_ep_0,115
2015-04-02 00:00:06,geekcookies_ep_0_new,249
2015-04-02 00:00:06,geekcookies_ep_2,233
2015-04-02 00:00:06,geekcookies_ep_3,226
2015-04-02 00:00:06,geekcookies_ep_5,162
2015-04-02 00:00:06,geekcookies_ep_4,192
2015-04-02 00:00:06,geekcookies_ep_1,316
2015-04-03 00:00:14,geekcookies_ep_0,115
2015-04-03 00:00:14,geekcookies_ep_0_new,249
2015-04-03 00:00:14,geekcookies_ep_5,162
2015-04-03 00:00:14,geekcookies_ep_2,234
2015-04-03 00:00:14,geekcookies_ep_1,316
2015-04-03 00:00:14,geekcookies_ep_4,192
2015-04-03 00:00:14,geekcookies_ep_3,227
2015-04-04 00:00:16,geekcookies_ep_0,115
2015-04-04 00:00:16,geekcookies_ep_0_new,250
2015-04-04 00:00:16,geekcookies_ep_5,162
2015-04-04 00:00:16,geekcookies_ep_1,316
2015-04-04 00:00:16,geekcookies_ep_4,192
2015-04-04 00:00:16,geekcookies_ep_3,227
2015-04-04 00:00:16,geekcookies_ep_2,235
2015-04-05 00:00:07,geekcookies_ep_0,115
2015-04-05 00:00:07,geekcookies_ep_0_new,250
2015-04-05 00:00:07,geekcookies_ep_5,162
2015-04-05 00:00:07,geekcookies_ep_2,235
2015-04-05 00:00:07,geekcookies_ep_4,193
2015-04-05 00:00:07,geekcookies_ep_3,230
2015-04-05 00:00:07,geekcookies_ep_1,317
2015-04-06 00:00:07,geekcookies_ep_0,115
2015-04-06 00:00:07,geekcookies_ep_0_new,250
2015-04-06 00:00:07,geekcookies_ep_1,317
2015-04-06 00:00:07,geekcookies_ep_2,236
2015-04-06 00:00:07,geekcookies_ep_5,171
2015-04-06 00:00:07,geekcookies_ep_4,196
2015-04-06 00:00:07,geekcookies_ep_3,232
2015-04-07 00:00:15,geekcookies_ep_0,115
2015-04-07 00:00:15,geekcookies_ep_0_new,250
2015-04-07 00:00:15,geekcookies_ep_1,317
2015-04-07 00:00:15,geekcookies_ep_4,196
2015-04-07 00:00:15,geekcookies_ep_5,174
2015-04-07 00:00:15,geekcookies_ep_3,232
2015-04-07 00:00:15,geekcookies_ep_2,236
2015-04-08 00:00:14,geekcookies_ep_0,115
2015-04-08 00:00:14,geekcookies_ep_0_new,250
2015-04-08 00:00:14,geekcookies_ep_1,317
2015-04-08 00:00:14,geekcookies_ep_3,232
2015-04-08 00:00:14,geekcookies_ep_2,236
2015-04-08 00:00:14,geekcookies_ep_5,175
2015-04-08 00:00:14,geekcookies_ep_4,200
2015-04-09 00:00:09,geekcookies_ep_0,115
2015-04-09 00:00:09,geekcookies_ep_0_new,250
2015-04-09 00:00:09,geekcookies_ep_3,234
2015-04-09 00:00:09,geekcookies_ep_4,204
2015-04-09 00:00:09,geekcookies_ep_5,175
2015-04-09 00:00:09,geekcookies_ep_2,237
2015-04-09 00:00:09,geekcookies_ep_1,319
2015-04-10 00:00:07,geekcookies_ep_0,115
2015-04-10 00:00:07,geekcookies_ep_0_new,251
2015-04-10 00:00:07,geekcookies_ep_3,234
2015-04-10 00:00:07,geekcookies_ep_4,204
2015-04-10 00:00:07,geekcookies_ep_2,237
2015-04-10 00:00:07,geekcookies_ep_1,319
2015-04-10 00:00:07,geekcookies_ep_5,178
2015-04-11 00:00:06,geekcookies_ep_0,115
2015-04-11 00:00:06,geekcookies_ep_0_new,252
2015-04-11 00:00:06,geekcookies_ep_1,319
2015-04-11 00:00:06,geekcookies_ep_2,239
2015-04-11 00:00:06,geekcookies_ep_4,206
2015-04-11 00:00:06,geekcookies_ep_5,178
2015-04-11 00:00:06,geekcookies_ep_3,235
2015-08-05 18:23:29,geekcookies_ep_0,407
2015-08-05 18:23:29,geekcookies_ep_1,381
2015-08-05 18:23:29,geekcookies_ep_2,270
2015-08-05 18:23:29,geekcookies_ep_3,295
2015-08-05 18:23:29,geekcookies_ep_4,279
2015-08-05 18:23:29,geekcookies_ep_5,283
2015-08-05 18:23:29,geekcookies_ep_6,249
2015-08-05 18:23:29,geekcookies_ep_7,195
2015-08-05 18:23:29,geekcookies_ep_8,204
2015-08-08 12:42:49,geekcookies_ep_0,408
2015-08-08 12:42:49,geekcookies_ep_1,382
2015-08-08 12:42:49,geekcookies_ep_2,270
2015-08-08 12:42:49,geekcookies_ep_3,298
2015-08-08 12:42:49,geekcookies_ep_4,280
2015-08-08 12:42:49,geekcookies_ep_5,285
2015-08-08 12:42:49,geekcookies_ep_6,249
2015-08-08 12:42:49,geekcookies_ep_7,196
2015-08-08 12:42:49,geekcookies_ep_8,209
2015-08-08 12:42:49,geekcookies_ep_9,34
